,0,1,2,3,4,5,6,7,8,9,10,11,12,13,14,15,16,17,18,19,20,21,22,23,24,25,26,27,28,29,30,31,32,33,34,35,36,37,38,39,40,41,42,43,44,45,46,47,48,49,50,51,52,53,54,55,56,57,58,59,60,61,62,63,64,65,66,67,68,69,70,71,72,73,74,75,76,77,78,79,80,81,82,83,84,85,86,87,88,89,90,91,92,93,94,95,96,97,98,99,100,101,102,103,104,105,106,107,108,109,110,111,112,113,114,115,116,117,118,119,120,121,122,123,124,125,126,127,128,129,130,131,132,133,134,135,136,137,138,139,140,141,142,143,144,145,146,147,148,149
0,0.9719,0.9658,0.9585,0.9497,0.9393,0.9268,0.9122,0.8950,0.8751,0.8521,0.8259,0.7964,0.7636,0.7274,0.6882,0.6463,0.6021,0.5561,0.5090,0.4615,0.4142,0.3679,0.3232,0.2806,0.2407,0.2038,0.1701,0.1397,0.1127,0.0890,0.0683,0.0505,0.0352,0.0223,0.0113,0.0022,-0.0055,-0.0118,-0.0171,-0.0215,-0.0251,-0.0280,-0.0305,-0.0325,-0.0341,-0.0354,-0.0365,-0.0374,-0.0381,-0.0387,-5.0000,-4.7959,-4.5918,-4.3878,-4.1837,-3.9796,-3.7755,-3.5714,-3.3673,-3.1633,-2.9592,-2.7551,-2.5510,-2.3469,-2.1429,-1.9388,-1.7347,-1.5306,-1.3265,-1.1224,-0.9184,-0.7143,-0.5102,-0.3061,-0.1020,0.1020,0.3061,0.5102,0.7143,0.9184,1.1224,1.3265,1.5306,1.7347,1.9388,2.1429,2.3469,2.5510,2.7551,2.9592,3.1633,3.3673,3.5714,3.7755,3.9796,4.1837,4.3878,4.5918,4.7959,5.0000,5.0000,5.0000,5.0000,5.0000,5.0000,5.0000,5.0000,5.0000,5.0000,5.0000,5.0000,5.0000,5.0000,5.0000,5.0000,5.0000,5.0000,5.0000,5.0000,5.0000,5.0000,5.0000,5.0000,5.0000,5.0000,5.0000,5.0000,5.0000,5.0000,5.0000,5.0000,5.0000,5.0000,5.0000,5.0000,5.0000,5.0000,5.0000,5.0000,5.0000,5.0000,5.0000,5.0000,5.0000,5.0000,5.0000,5.0000,5.0000,5.0000,5.0000
1,0.9719,0.9658,0.9585,0.9497,0.9393,0.9268,0.9122,0.8950,0.8751,0.8521,0.8259,0.7964,0.7636,0.7274,0.6882,0.6463,0.6021,0.5561,0.5090,0.4615,0.4142,0.3679,0.3232,0.2806,0.2407,0.2038,0.1701,0.1397,0.1127,0.0890,0.0683,0.0505,0.0352,0.0223,0.0113,0.0022,-0.0055,-0.0118,-0.0171,-0.0215,-0.0251,-0.0280,-0.0305,-0.0325,-0.0341,-0.0354,-0.0365,-0.0374,-0.0381,-0.0384,-5.0000,-4.7959,-4.5918,-4.3878,-4.1837,-3.9796,-3.7755,-3.5714,-3.3673,-3.1633,-2.9592,-2.7551,-2.5510,-2.3469,-2.1429,-1.9388,-1.7347,-1.5306,-1.3265,-1.1224,-0.9184,-0.7143,-0.5102,-0.3061,-0.1020,0.1020,0.3061,0.5102,0.7143,0.9184,1.1224,1.3265,1.5306,1.7347,1.9388,2.1429,2.3469,2.5510,2.7551,2.9592,3.1633,3.3673,3.5714,3.7755,3.9796,4.1837,4.3878,4.5918,4.7959,5.0000,4.7959,4.7959,4.7959,4.7959,4.7959,4.7959,4.7959,4.7959,4.7959,4.7959,4.7959,4.7959,4.7959,4.7959,4.7959,4.7959,4.7959,4.7959,4.7959,4.7959,4.7959,4.7959,4.7959,4.7959,4.7959,4.7959,4.7959,4.7959,4.7959,4.7959,4.7959,4.7959,4.7959,4.7959,4.7959,4.7959,4.7959,4.7959,4.7959,4.7959,4.7959,4.7959,4.7959,4.7959,4.7959,4.7959,4.7959,4.7959,4.7959,4.7959
2,0.9719,0.9658,0.9585,0.9497,0.9393,0.9268,0.9122,0.8950,0.8751,0.8521,0.8259,0.7964,0.7636,0.7274,0.6882,0.6463,0.6021,0.5561,0.5090,0.4615,0.4142,0.3679,0.3232,0.2806,0.2407,0.2038,0.1701,0.1397,0.1127,0.0890,0.0683,0.0505,0.0352,0.0223,0.0113,0.0022,-0.0055,-0.0118,-0.0171,-0.0215,-0.0251,-0.0280,-0.0305,-0.0325,-0.0341,-0.0354,-0.0365,-0.0374,-0.0378,-0.0381,-5.0000,-4.7959,-4.5918,-4.3878,-4.1837,-3.9796,-3.7755,-3.5714,-3.3673,-3.1633,-2.9592,-2.7551,-2.5510,-2.3469,-2.1429,-1.9388,-1.7347,-1.5306,-1.3265,-1.1224,-0.9184,-0.7143,-0.5102,-0.3061,-0.1020,0.1020,0.3061,0.5102,0.7143,0.9184,1.1224,1.3265,1.5306,1.7347,1.9388,2.1429,2.3469,2.5510,2.7551,2.9592,3.1633,3.3673,3.5714,3.7755,3.9796,4.1837,4.3878,4.5918,4.7959,5.0000,4.5918,4.5918,4.5918,4.5918,4.5918,4.5918,4.5918,4.5918,4.5918,4.5918,4.5918,4.5918,4.5918,4.5918,4.5918,4.5918,4.5918,4.5918,4.5918,4.5918,4.5918,4.5918,4.5918,4.5918,4.5918,4.5918,4.5918,4.5918,4.5918,4.5918,4.5918,4.5918,4.5918,4.5918,4.5918,4.5918,4.5918,4.5918,4.5918,4.5918,4.5918,4.5918,4.5918,4.5918,4.5918,4.5918,4.5918,4.5918,4.5918,4.5918
3,0.9719,0.9658,0.9585,0.9497,0.9393,0.9268,0.9122,0.8950,0.8751,0.8521,0.8259,0.7964,0.7636,0.7274,0.6882,0.6463,0.6021,0.5561,0.5090,0.4615,0.4142,0.3679,0.3232,0.2806,0.2407,0.2038,0.1701,0.1397,0.1127,0.0890,0.0683,0.0505,0.0352,0.0223,0.0113,0.0022,-0.0055,-0.0118,-0.0171,-0.0215,-0.0251,-0.0280,-0.0305,-0.0325,-0.0341,-0.0354,-0.0365,-0.0370,-0.0373,-0.0376,-5.0000,-4.7959,-4.5918,-4.3878,-4.1837,-3.9796,-3.7755,-3.5714,-3.3673,-3.1633,-2.9592,-2.7551,-2.5510,-2.3469,-2.1429,-1.9388,-1.7347,-1.5306,-1.3265,-1.1224,-0.9184,-0.7143,-0.5102,-0.3061,-0.1020,0.1020,0.3061,0.5102,0.7143,0.9184,1.1224,1.3265,1.5306,1.7347,1.9388,2.1429,2.3469,2.5510,2.7551,2.9592,3.1633,3.3673,3.5714,3.7755,3.9796,4.1837,4.3878,4.5918,4.7959,5.0000,4.3878,4.3878,4.3878,4.3878,4.3878,4.3878,4.3878,4.3878,4.3878,4.3878,4.3878,4.3878,4.3878,4.3878,4.3878,4.3878,4.3878,4.3878,4.3878,4.3878,4.3878,4.3878,4.3878,4.3878,4.3878,4.3878,4.3878,4.3878,4.3878,4.3878,4.3878,4.3878,4.3878,4.3878,4.3878,4.3878,4.3878,4.3878,4.3878,4.3878,4.3878,4.3878,4.3878,4.3878,4.3878,4.3878,4.3878,4.3878,4.3878,4.3878
4,0.9719,0.9658,0.9585,0.9497,0.9393,0.9268,0.9122,0.8950,0.8751,0.8521,0.8259,0.7964,0.7636,0.7274,0.6882,0.6463,0.6021,0.5561,0.5090,0.4615,0.4142,0.3679,0.3232,0.2806,0.2407,0.2038,0.1701,0.1397,0.1127,0.0890,0.0683,0.0505,0.0352,0.0223,0.0113,0.0022,-0.0055,-0.0118,-0.0171,-0.0215,-0.0251,-0.0280,-0.0305,-0.0325,-0.0341,-0.0354,-0.0360,-0.0364,-0.0368,-0.0371,-5.0000,-4.7959,-4.5918,-4.3878,-4.1837,-3.9796,-3.7755,-3.5714,-3.3673,-3.1633,-2.9592,-2.7551,-2.5510,-2.3469,-2.1429,-1.9388,-1.7347,-1.5306,-1.3265,-1.1224,-0.9184,-0.7143,-0.5102,-0.3061,-0.1020,0.1020,0.3061,0.5102,0.7143,0.9184,1.1224,1.3265,1.5306,1.7347,1.9388,2.1429,2.3469,2.5510,2.7551,2.9592,3.1633,3.3673,3.5714,3.7755,3.9796,4.1837,4.3878,4.5918,4.7959,5.0000,4.1837,4.1837,4.1837,4.1837,4.1837,4.1837,4.1837,4.1837,4.1837,4.1837,4.1837,4.1837,4.1837,4.1837,4.1837,4.1837,4.1837,4.1837,4.1837,4.1837,4.1837,4.1837,4.1837,4.1837,4.1837,4.1837,4.1837,4.1837,4.1837,4.1837,4.1837,4.1837,4.1837,4.1837,4.1837,4.1837,4.1837,4.1837,4.1837,4.1837,4.1837,4.1837,4.1837,4.1837,4.1837,4.1837,4.1837,4.1837,4.1837,4.1837
5,0.9719,0.9658,0.9585,0.9497,0.9393,0.9268,0.9122,0.8950,0.8751,0.8521,0.8259,0.7964,0.7636,0.7274,0.6882,0.6463,0.6021,0.5561,0.5090,0.4615,0.4142,0.3679,0.3232,0.2806,0.2407,0.2038,0.1701,0.1397,0.1127,0.0890,0.0683,0.0505,0.0352,0.0223,0.0113,0.0022,-0.0055,-0.0118,-0.0171,-0.0215,-0.0251,-0.0280,-0.0305,-0.0325,-0.0341,-0.0348,-0.0353,-0.0358,-0.0361,-0.0364,-5.0000,-4.7959,-4.5918,-4.3878,-4.1837,-3.9796,-3.7755,-3.5714,-3.3673,-3.1633,-2.9592,-2.7551,-2.5510,-2.3469,-2.1429,-1.9388,-1.7347,-1.5306,-1.3265,-1.1224,-0.9184,-0.7143,-0.5102,-0.3061,-0.1020,0.1020,0.3061,0.5102,0.7143,0.9184,1.1224,1.3265,1.5306,1.7347,1.9388,2.1429,2.3469,2.5510,2.7551,2.9592,3.1633,3.3673,3.5714,3.7755,3.9796,4.1837,4.3878,4.5918,4.7959,5.0000,3.9796,3.9796,3.9796,3.9796,3.9796,3.9796,3.9796,3.9796,3.9796,3.9796,3.9796,3.9796,3.9796,3.9796,3.9796,3.9796,3.9796,3.9796,3.9796,3.9796,3.9796,3.9796,3.9796,3.9796,3.9796,3.9796,3.9796,3.9796,3.9796,3.9796,3.9796,3.9796,3.9796,3.9796,3.9796,3.9796,3.9796,3.9796,3.9796,3.9796,3.9796,3.9796,3.9796,3.9796,3.9796,3.9796,3.9796,3.9796,3.9796,3.9796
6,0.9719,0.9658,0.9585,0.9497,0.9393,0.9268,0.9122,0.8950,0.8751,0.8521,0.8259,0.7964,0.7636,0.7274,0.6882,0.6463,0.6021,0.5561,0.5090,0.4615,0.4142,0.3679,0.3232,0.2806,0.2407,0.2038,0.1701,0.1397,0.1127,0.0890,0.0683,0.0505,0.0352,0.0223,0.0113,0.0022,-0.0055,-0.0118,-0.0171,-0.0215,-0.0251,-0.0280,-0.0305,-0.0325,-0.0333,-0.0339,-0.0345,-0.0349,-0.0353,-0.0356,-5.0000,-4.7959,-4.5918,-4.3878,-4.1837,-3.9796,-3.7755,-3.5714,-3.3673,-3.1633,-2.9592,-2.7551,-2.5510,-2.3469,-2.1429,-1.9388,-1.7347,-1.5306,-1.3265,-1.1224,-0.9184,-0.7143,-0.5102,-0.3061,-0.1020,0.1020,0.3061,0.5102,0.7143,0.9184,1.1224,1.3265,1.5306,1.7347,1.9388,2.1429,2.3469,2.5510,2.7551,2.9592,3.1633,3.3673,3.5714,3.7755,3.9796,4.1837,4.3878,4.5918,4.7959,5.0000,3.7755,3.7755,3.7755,3.7755,3.7755,3.7755,3.7755,3.7755,3.7755,3.7755,3.7755,3.7755,3.7755,3.7755,3.7755,3.7755,3.7755,3.7755,3.7755,3.7755,3.7755,3.7755,3.7755,3.7755,3.7755,3.7755,3.7755,3.7755,3.7755,3.7755,3.7755,3.7755,3.7755,3.7755,3.7755,3.7755,3.7755,3.7755,3.7755,3.7755,3.7755,3.7755,3.7755,3.7755,3.7755,3.7755,3.7755,3.7755,3.7755,3.7755
7,0.9719,0.9658,0.9585,0.9497,0.9393,0.9268,0.9122,0.8950,0.8751,0.8521,0.8259,0.7964,0.7636,0.7274,0.6882,0.6463,0.6021,0.5561,0.5090,0.4615,0.4142,0.3679,0.3232,0.2806,0.2407,0.2038,0.1701,0.1397,0.1127,0.0890,0.0683,0.0505,0.0352,0.0223,0.0113,0.0022,-0.0055,-0.0118,-0.0171,-0.0215,-0.0251,-0.0280,-0.0305,-0.0315,-0.0323,-0.0329,-0.0335,-0.0339,-0.0343,-0.0346,-5.0000,-4.7959,-4.5918,-4.3878,-4.1837,-3.9796,-3.7755,-3.5714,-3.3673,-3.1633,-2.9592,-2.7551,-2.5510,-2.3469,-2.1429,-1.9388,-1.7347,-1.5306,-1.3265,-1.1224,-0.9184,-0.7143,-0.5102,-0.3061,-0.1020,0.1020,0.3061,0.5102,0.7143,0.9184,1.1224,1.3265,1.5306,1.7347,1.9388,2.1429,2.3469,2.5510,2.7551,2.9592,3.1633,3.3673,3.5714,3.7755,3.9796,4.1837,4.3878,4.5918,4.7959,5.0000,3.5714,3.5714,3.5714,3.5714,3.5714,3.5714,3.5714,3.5714,3.5714,3.5714,3.5714,3.5714,3.5714,3.5714,3.5714,3.5714,3.5714,3.5714,3.5714,3.5714,3.5714,3.5714,3.5714,3.5714,3.5714,3.5714,3.5714,3.5714,3.5714,3.5714,3.5714,3.5714,3.5714,3.5714,3.5714,3.5714,3.5714,3.5714,3.5714,3.5714,3.5714,3.5714,3.5714,3.5714,3.5714,3.5714,3.5714,3.5714,3.5714,3.5714
8,0.9719,0.9658,0.9585,0.9497,0.9393,0.9268,0.9122,0.8950,0.8751,0.8521,0.8259,0.7964,0.7636,0.7274,0.6882,0.6463,0.6021,0.5561,0.5090,0.4615,0.4142,0.3679,0.3232,0.2806,0.2407,0.2038,0.1701,0.1397,0.1127,0.0890,0.0683,0.0505,0.0352,0.0223,0.0113,0.0022,-0.0055,-0.0118,-0.0171,-0.0215,-0.0251,-0.0280,-0.0292,-0.0302,-0.0311,-0.0317,-0.0323,-0.0327,-0.0331,-0.0334,-5.0000,-4.7959,-4.5918,-4.3878,-4.1837,-3.9796,-3.7755,-3.5714,-3.3673,-3.1633,-2.9592,-2.7551,-2.5510,-2.3469,-2.1429,-1.9388,-1.7347,-1.5306,-1.3265,-1.1224,-0.9184,-0.7143,-0.5102,-0.3061,-0.1020,0.1020,0.3061,0.5102,0.7143,0.9184,1.1224,1.3265,1.5306,1.7347,1.9388,2.1429,2.3469,2.5510,2.7551,2.9592,3.1633,3.3673,3.5714,3.7755,3.9796,4.1837,4.3878,4.5918,4.7959,5.0000,3.3673,3.3673,3.3673,3.3673,3.3673,3.3673,3.3673,3.3673,3.3673,3.3673,3.3673,3.3673,3.3673,3.3673,3.3673,3.3673,3.3673,3.3673,3.3673,3.3673,3.3673,3.3673,3.3673,3.3673,3.3673,3.3673,3.3673,3.3673,3.3673,3.3673,3.3673,3.3673,3.3673,3.3673,3.3673,3.3673,3.3673,3.3673,3.3673,3.3673,3.3673,3.3673,3.3673,3.3673,3.3673,3.3673,3.3673,3.3673,3.3673,3.3673
9,0.9719,0.9658,0.9585,0.9497,0.9393,0.9268,0.9122,0.8950,0.8751,0.8521,0.8259,0.7964,0.7636,0.7274,0.6882,0.6463,0.6021,0.5561,0.5090,0.4615,0.4142,0.3679,0.3232,0.2806,0.2407,0.2038,0.1701,0.1397,0.1127,0.0890,0.0683,0.0505,0.0352,0.0223,0.0113,0.0022,-0.0055,-0.0118,-0.0171,-0.0215,-0.0251,-0.0266,-0.0278,-0.0288,-0.0296,-0.0302,-0.0308,-0.0312,-0.0316,-0.0319,-5.0000,-4.7959,-4.5918,-4.3878,-4.1837,-3.9796,-3.7755,-3.5714,-3.3673,-3.1633,-2.9592,-2.7551,-2.5510,-2.3469,-2.1429,-1.9388,-1.7347,-1.5306,-1.3265,-1.1224,-0.9184,-0.7143,-0.5102,-0.3061,-0.1020,0.1020,0.3061,0.5102,0.7143,0.9184,1.1224,1.3265,1.5306,1.7347,1.9388,2.1429,2.3469,2.5510,2.7551,2.9592,3.1633,3.3673,3.5714,3.7755,3.9796,4.1837,4.3878,4.5918,4.7959,5.0000,3.1633,3.1633,3.1633,3.1633,3.1633,3.1633,3.1633,3.1633,3.1633,3.1633,3.1633,3.1633,3.1633,3.1633,3.1633,3.1633,3.1633,3.1633,3.1633,3.1633,3.1633,3.1633,3.1633,3.1633,3.1633,3.1633,3.1633,3.1633,3.1633,3.1633,3.1633,3.1633,3.1633,3.1633,3.1633,3.1633,3.1633,3.1633,3.1633,3.1633,3.1633,3.1633,3.1633,3.1633,3.1633,3.1633,3.1633,3.1633,3.1633,3.1633
10,0.9719,0.9658,0.9585,0.9497,0.9393,0.9268,0.9122,0.8950,0.8751,0.8521,0.8259,0.7964,0.7636,0.7274,0.6882,0.6463,0.6021,0.5561,0.5090,0.4615,0.4142,0.3679,0.3232,0.2806,0.2407,0.2038,0.1701,0.1397,0.1127,0.0890,0.0683,0.0505,0.0352,0.0223,0.0113,0.0022,-0.0055,-0.0118,-0.0171,-0.0215,-0.0233,-0.0248,-0.0260,-0.0270,-0.0278,-0.0285,-0.0290,-0.0294,-0.0298,-0.0301,-5.0000,-4.7959,-4.5918,-4.3878,-4.1837,-3.9796,-3.7755,-3.5714,-3.3673,-3.1633,-2.9592,-2.7551,-2.5510,-2.3469,-2.1429,-1.9388,-1.7347,-1.5306,-1.3265,-1.1224,-0.9184,-0.7143,-0.5102,-0.3061,-0.1020,0.1020,0.3061,0.5102,0.7143,0.9184,1.1224,1.3265,1.5306,1.7347,1.9388,2.1429,2.3469,2.5510,2.7551,2.9592,3.1633,3.3673,3.5714,3.7755,3.9796,4.1837,4.3878,4.5918,4.7959,5.0000,2.9592,2.9592,2.9592,2.9592,2.9592,2.9592,2.9592,2.9592,2.9592,2.9592,2.9592,2.9592,2.9592,2.9592,2.9592,2.9592,2.9592,2.9592,2.9592,2.9592,2.9592,2.9592,2.9592,2.9592,2.9592,2.9592,2.9592,2.9592,2.9592,2.9592,2.9592,2.9592,2.9592,2.9592,2.9592,2.9592,2.9592,2.9592,2.9592,2.9592,2.9592,2.9592,2.9592,2.9592,2.9592,2.9592,2.9592,2.9592,2.9592,2.9592
11,0.9719,0.9658,0.9585,0.9497,0.9393,0.9268,0.9122,0.8950,0.8751,0.8521,0.8259,0.7964,0.7636,0.7274,0.6882,0.6463,0.6021,0.5561,0.5090,0.4615,0.4142,0.3679,0.3232,0.2806,0.2407,0.2038,0.1701,0.1397,0.1127,0.0890,0.0683,0.0505,0.0352,0.0223,0.0113,0.0022,-0.0055,-0.0118,-0.0171,-0.0193,-0.0211,-0.0226,-0.0238,-0.0248,-0.0256,-0.0263,-0.0268,-0.0273,-0.0276,-0.0279,-5.0000,-4.7959,-4.5918,-4.3878,-4.1837,-3.9796,-3.7755,-3.5714,-3.3673,-3.1633,-2.9592,-2.7551,-2.5510,-2.3469,-2.1429,-1.9388,-1.7347,-1.5306,-1.3265,-1.1224,-0.9184,-0.7143,-0.5102,-0.3061,-0.1020,0.1020,0.3061,0.5102,0.7143,0.9184,1.1224,1.3265,1.5306,1.7347,1.9388,2.1429,2.3469,2.5510,2.7551,2.9592,3.1633,3.3673,3.5714,3.7755,3.9796,4.1837,4.3878,4.5918,4.7959,5.0000,2.7551,2.7551,2.7551,2.7551,2.7551,2.7551,2.7551,2.7551,2.7551,2.7551,2.7551,2.7551,2.7551,2.7551,2.7551,2.7551,2.7551,2.7551,2.7551,2.7551,2.7551,2.7551,2.7551,2.7551,2.7551,2.7551,2.7551,2.7551,2.7551,2.7551,2.7551,2.7551,2.7551,2.7551,2.7551,2.7551,2.7551,2.7551,2.7551,2.7551,2.7551,2.7551,2.7551,2.7551,2.7551,2.7551,2.7551,2.7551,2.7551,2.7551
12,0.9719,0.9658,0.9585,0.9497,0.9393,0.9268,0.9122,0.8950,0.8751,0.8521,0.8259,0.7964,0.7636,0.7274,0.6882,0.6463,0.6021,0.5561,0.5090,0.4615,0.4142,0.3679,0.3232,0.2806,0.2407,0.2038,0.1701,0.1397,0.1127,0.0890,0.0683,0.0505,0.0352,0.0223,0.0113,0.0022,-0.0055,-0.0118,-0.0145,-0.0167,-0.0185,-0.0199,-0.0212,-0.0221,-0.0230,-0.0236,-0.0242,-0.0246,-0.0250,-0.0253,-5.0000,-4.7959,-4.5918,-4.3878,-4.1837,-3.9796,-3.7755,-3.5714,-3.3673,-3.1633,-2.9592,-2.7551,-2.5510,-2.3469,-2.1429,-1.9388,-1.7347,-1.5306,-1.3265,-1.1224,-0.9184,-0.7143,-0.5102,-0.3061,-0.1020,0.1020,0.3061,0.5102,0.7143,0.9184,1.1224,1.3265,1.5306,1.7347,1.9388,2.1429,2.3469,2.5510,2.7551,2.9592,3.1633,3.3673,3.5714,3.7755,3.9796,4.1837,4.3878,4.5918,4.7959,5.0000,2.5510,2.5510,2.5510,2.5510,2.5510,2.5510,2.5510,2.5510,2.5510,2.5510,2.5510,2.5510,2.5510,2.5510,2.5510,2.5510,2.5510,2.5510,2.5510,2.5510,2.5510,2.5510,2.5510,2.5510,2.5510,2.5510,2.5510,2.5510,2.5510,2.5510,2.5510,2.5510,2.5510,2.5510,2.5510,2.5510,2.5510,2.5510,2.5510,2.5510,2.5510,2.5510,2.5510,2.5510,2.5510,2.5510,2.5510,2.5510,2.5510,2.5510
13,0.9719,0.9658,0.9585,0.9497,0.9393,0.9268,0.9122,0.8950,0.8751,0.8521,0.8259,0.7964,0.7636,0.7274,0.6882,0.6463,0.6021,0.5561,0.5090,0.4615,0.4142,0.3679,0.3232,0.2806,0.2407,0.2038,0.1701,0.1397,0.1127,0.0890,0.0683,0.0505,0.0352,0.0223,0.0113,0.0022,-0.0055,-0.0087,-0.0113,-0.0135,-0.0153,-0.0168,-0.0180,-0.0190,-0.0198,-0.0205,-0.0210,-0.0214,-0.0218,-0.0221,-5.0000,-4.7959,-4.5918,-4.3878,-4.1837,-3.9796,-3.7755,-3.5714,-3.3673,-3.1633,-2.9592,-2.7551,-2.5510,-2.3469,-2.1429,-1.9388,-1.7347,-1.5306,-1.3265,-1.1224,-0.9184,-0.7143,-0.5102,-0.3061,-0.1020,0.1020,0.3061,0.5102,0.7143,0.9184,1.1224,1.3265,1.5306,1.7347,1.9388,2.1429,2.3469,2.5510,2.7551,2.9592,3.1633,3.3673,3.5714,3.7755,3.9796,4.1837,4.3878,4.5918,4.7959,5.0000,2.3469,2.3469,2.3469,2.3469,2.3469,2.3469,2.3469,2.3469,2.3469,2.3469,2.3469,2.3469,2.3469,2.3469,2.3469,2.3469,2.3469,2.3469,2.3469,2.3469,2.3469,2.3469,2.3469,2.3469,2.3469,2.3469,2.3469,2.3469,2.3469,2.3469,2.3469,2.3469,2.3469,2.3469,2.3469,2.3469,2.3469,2.3469,2.3469,2.3469,2.3469,2.3469,2.3469,2.3469,2.3469,2.3469,2.3469,2.3469,2.3469,2.3469
14,0.9719,0.9658,0.9585,0.9497,0.9393,0.9268,0.9122,0.8950,0.8751,0.8521,0.8259,0.7964,0.7636,0.7274,0.6882,0.6463,0.6021,0.5561,0.5090,0.4615,0.4142,0.3679,0.3232,0.2806,0.2407,0.2038,0.1701,0.1397,0.1127,0.0890,0.0683,0.0505,0.0352,0.0223,0.0113,0.0022,-0.0016,-0.0048,-0.0075,-0.0096,-0.0114,-0.0129,-0.0141,-0.0151,-0.0160,-0.0166,-0.0172,-0.0176,-0.0180,-0.0183,-5.0000,-4.7959,-4.5918,-4.3878,-4.1837,-3.9796,-3.7755,-3.5714,-3.3673,-3.1633,-2.9592,-2.7551,-2.5510,-2.3469,-2.1429,-1.9388,-1.7347,-1.5306,-1.3265,-1.1224,-0.9184,-0.7143,-0.5102,-0.3061,-0.1020,0.1020,0.3061,0.5102,0.7143,0.9184,1.1224,1.3265,1.5306,1.7347,1.9388,2.1429,2.3469,2.5510,2.7551,2.9592,3.1633,3.3673,3.5714,3.7755,3.9796,4.1837,4.3878,4.5918,4.7959,5.0000,2.1429,2.1429,2.1429,2.1429,2.1429,2.1429,2.1429,2.1429,2.1429,2.1429,2.1429,2.1429,2.1429,2.1429,2.1429,2.1429,2.1429,2.1429,2.1429,2.1429,2.1429,2.1429,2.1429,2.1429,2.1429,2.1429,2.1429,2.1429,2.1429,2.1429,2.1429,2.1429,2.1429,2.1429,2.1429,2.1429,2.1429,2.1429,2.1429,2.1429,2.1429,2.1429,2.1429,2.1429,2.1429,2.1429,2.1429,2.1429,2.1429,2.1429
15,0.9719,0.9658,0.9585,0.9497,0.9393,0.9268,0.9122,0.8950,0.8751,0.8521,0.8259,0.7964,0.7636,0.7274,0.6882,0.6463,0.6021,0.5561,0.5090,0.4615,0.4142,0.3679,0.3232,0.2806,0.2407,0.2038,0.1701,0.1397,0.1127,0.0890,0.0683,0.0505,0.0352,0.0223,0.0113,0.0068,0.0029,-0.0002,-0.0029,-0.0051,-0.0069,-0.0083,-0.0096,-0.0106,-0.0114,-0.0120,-0.0126,-0.0130,-0.0134,-0.0137,-5.0000,-4.7959,-4.5918,-4.3878,-4.1837,-3.9796,-3.7755,-3.5714,-3.3673,-3.1633,-2.9592,-2.7551,-2.5510,-2.3469,-2.1429,-1.9388,-1.7347,-1.5306,-1.3265,-1.1224,-0.9184,-0.7143,-0.5102,-0.3061,-0.1020,0.1020,0.3061,0.5102,0.7143,0.9184,1.1224,1.3265,1.5306,1.7347,1.9388,2.1429,2.3469,2.5510,2.7551,2.9592,3.1633,3.3673,3.5714,3.7755,3.9796,4.1837,4.3878,4.5918,4.7959,5.0000,1.9388,1.9388,1.9388,1.9388,1.9388,1.9388,1.9388,1.9388,1.9388,1.9388,1.9388,1.9388,1.9388,1.9388,1.9388,1.9388,1.9388,1.9388,1.9388,1.9388,1.9388,1.9388,1.9388,1.9388,1.9388,1.9388,1.9388,1.9388,1.9388,1.9388,1.9388,1.9388,1.9388,1.9388,1.9388,1.9388,1.9388,1.9388,1.9388,1.9388,1.9388,1.9388,1.9388,1.9388,1.9388,1.9388,1.9388,1.9388,1.9388,1.9388
16,0.9719,0.9658,0.9585,0.9497,0.9393,0.9268,0.9122,0.8950,0.8751,0.8521,0.8259,0.7964,0.7636,0.7274,0.6882,0.6463,0.6021,0.5561,0.5090,0.4615,0.4142,0.3679,0.3232,0.2806,0.2407,0.2038,0.1701,0.1397,0.1127,0.0890,0.0683,0.0505,0.0352,0.0223,0.0168,0.0122,0.0084,0.0052,0.0026,0.0004,-0.0014,-0.0029,-0.0041,-0.0051,-0.0059,-0.0066,-0.0071,-0.0076,-0.0079,-0.0082,-5.0000,-4.7959,-4.5918,-4.3878,-4.1837,-3.9796,-3.7755,-3.5714,-3.3673,-3.1633,-2.9592,-2.7551,-2.5510,-2.3469,-2.1429,-1.9388,-1.7347,-1.5306,-1.3265,-1.1224,-0.9184,-0.7143,-0.5102,-0.3061,-0.1020,0.1020,0.3061,0.5102,0.7143,0.9184,1.1224,1.3265,1.5306,1.7347,1.9388,2.1429,2.3469,2.5510,2.7551,2.9592,3.1633,3.3673,3.5714,3.7755,3.9796,4.1837,4.3878,4.5918,4.7959,5.0000,1.7347,1.7347,1.7347,1.7347,1.7347,1.7347,1.7347,1.7347,1.7347,1.7347,1.7347,1.7347,1.7347,1.7347,1.7347,1.7347,1.7347,1.7347,1.7347,1.7347,1.7347,1.7347,1.7347,1.7347,1.7347,1.7347,1.7347,1.7347,1.7347,1.7347,1.7347,1.7347,1.7347,1.7347,1.7347,1.7347,1.7347,1.7347,1.7347,1.7347,1.7347,1.7347,1.7347,1.7347,1.7347,1.7347,1.7347,1.7347,1.7347,1.7347
17,0.9719,0.9658,0.9585,0.9497,0.9393,0.9268,0.9122,0.8950,0.8751,0.8521,0.8259,0.7964,0.7636,0.7274,0.6882,0.6463,0.6021,0.5561,0.5090,0.4615,0.4142,0.3679,0.3232,0.2806,0.2407,0.2038,0.1701,0.1397,0.1127,0.0890,0.0683,0.0505,0.0352,0.0287,0.0233,0.0187,0.0149,0.0117,0.0091,0.0069,0.0051,0.0036,0.0024,0.0014,0.0006,-0.0001,-0.0006,-0.0011,-0.0015,-0.0018,-5.0000,-4.7959,-4.5918,-4.3878,-4.1837,-3.9796,-3.7755,-3.5714,-3.3673,-3.1633,-2.9592,-2.7551,-2.5510,-2.3469,-2.1429,-1.9388,-1.7347,-1.5306,-1.3265,-1.1224,-0.9184,-0.7143,-0.5102,-0.3061,-0.1020,0.1020,0.3061,0.5102,0.7143,0.9184,1.1224,1.3265,1.5306,1.7347,1.9388,2.1429,2.3469,2.5510,2.7551,2.9592,3.1633,3.3673,3.5714,3.7755,3.9796,4.1837,4.3878,4.5918,4.7959,5.0000,1.5306,1.5306,1.5306,1.5306,1.5306,1.5306,1.5306,1.5306,1.5306,1.5306,1.5306,1.5306,1.5306,1.5306,1.5306,1.5306,1.5306,1.5306,1.5306,1.5306,1.5306,1.5306,1.5306,1.5306,1.5306,1.5306,1.5306,1.5306,1.5306,1.5306,1.5306,1.5306,1.5306,1.5306,1.5306,1.5306,1.5306,1.5306,1.5306,1.5306,1.5306,1.5306,1.5306,1.5306,1.5306,1.5306,1.5306,1.5306,1.5306,1.5306
18,0.9719,0.9658,0.9585,0.9497,0.9393,0.9268,0.9122,0.8950,0.8751,0.8521,0.8259,0.7964,0.7636,0.7274,0.6882,0.6463,0.6021,0.5561,0.5090,0.4615,0.4142,0.3679,0.3232,0.2806,0.2407,0.2038,0.1701,0.1397,0.1127,0.0890,0.0683,0.0505,0.0429,0.0364,0.0309,0.0263,0.0225,0.0193,0.0167,0.0145,0.0127,0.0112,0.0100,0.0090,0.0082,0.0075,0.0070,0.0065,0.0062,0.0059,-5.0000,-4.7959,-4.5918,-4.3878,-4.1837,-3.9796,-3.7755,-3.5714,-3.3673,-3.1633,-2.9592,-2.7551,-2.5510,-2.3469,-2.1429,-1.9388,-1.7347,-1.5306,-1.3265,-1.1224,-0.9184,-0.7143,-0.5102,-0.3061,-0.1020,0.1020,0.3061,0.5102,0.7143,0.9184,1.1224,1.3265,1.5306,1.7347,1.9388,2.1429,2.3469,2.5510,2.7551,2.9592,3.1633,3.3673,3.5714,3.7755,3.9796,4.1837,4.3878,4.5918,4.7959,5.0000,1.3265,1.3265,1.3265,1.3265,1.3265,1.3265,1.3265,1.3265,1.3265,1.3265,1.3265,1.3265,1.3265,1.3265,1.3265,1.3265,1.3265,1.3265,1.3265,1.3265,1.3265,1.3265,1.3265,1.3265,1.3265,1.3265,1.3265,1.3265,1.3265,1.3265,1.3265,1.3265,1.3265,1.3265,1.3265,1.3265,1.3265,1.3265,1.3265,1.3265,1.3265,1.3265,1.3265,1.3265,1.3265,1.3265,1.3265,1.3265,1.3265,1.3265
19,0.9719,0.9658,0.9585,0.9497,0.9393,0.9268,0.9122,0.8950,0.8751,0.8521,0.8259,0.7964,0.7636,0.7274,0.6882,0.6463,0.6021,0.5561,0.5090,0.4615,0.4142,0.3679,0.3232,0.2806,0.2407,0.2038,0.1701,0.1397,0.1127,0.0890,0.0683,0.0594,0.0518,0.0453,0.0398,0.0352,0.0314,0.0282,0.0256,0.0234,0.0216,0.0201,0.0189,0.0179,0.0171,0.0164,0.0159,0.0155,0.0151,0.0148,-5.0000,-4.7959,-4.5918,-4.3878,-4.1837,-3.9796,-3.7755,-3.5714,-3.3673,-3.1633,-2.9592,-2.7551,-2.5510,-2.3469,-2.1429,-1.9388,-1.7347,-1.5306,-1.3265,-1.1224,-0.9184,-0.7143,-0.5102,-0.3061,-0.1020,0.1020,0.3061,0.5102,0.7143,0.9184,1.1224,1.3265,1.5306,1.7347,1.9388,2.1429,2.3469,2.5510,2.7551,2.9592,3.1633,3.3673,3.5714,3.7755,3.9796,4.1837,4.3878,4.5918,4.7959,5.0000,1.1224,1.1224,1.1224,1.1224,1.1224,1.1224,1.1224,1.1224,1.1224,1.1224,1.1224,1.1224,1.1224,1.1224,1.1224,1.1224,1.1224,1.1224,1.1224,1.1224,1.1224,1.1224,1.1224,1.1224,1.1224,1.1224,1.1224,1.1224,1.1224,1.1224,1.1224,1.1224,1.1224,1.1224,1.1224,1.1224,1.1224,1.1224,1.1224,1.1224,1.1224,1.1224,1.1224,1.1224,1.1224,1.1224,1.1224,1.1224,1.1224,1.1224
20,0.9719,0.9658,0.9585,0.9497,0.9393,0.9268,0.9122,0.8950,0.8751,0.8521,0.8259,0.7964,0.7636,0.7274,0.6882,0.6463,0.6021,0.5561,0.5090,0.4615,0.4142,0.3679,0.3232,0.2806,0.2407,0.2038,0.1701,0.1397,0.1127,0.0890,0.0787,0.0697,0.0621,0.0556,0.0502,0.0456,0.0418,0.0386,0.0359,0.0338,0.0320,0.0305,0.0293,0.0283,0.0275,0.0268,0.0262,0.0258,0.0254,0.0251,-5.0000,-4.7959,-4.5918,-4.3878,-4.1837,-3.9796,-3.7755,-3.5714,-3.3673,-3.1633,-2.9592,-2.7551,-2.5510,-2.3469,-2.1429,-1.9388,-1.7347,-1.5306,-1.3265,-1.1224,-0.9184,-0.7143,-0.5102,-0.3061,-0.1020,0.1020,0.3061,0.5102,0.7143,0.9184,1.1224,1.3265,1.5306,1.7347,1.9388,2.1429,2.3469,2.5510,2.7551,2.9592,3.1633,3.3673,3.5714,3.7755,3.9796,4.1837,4.3878,4.5918,4.7959,5.0000,0.9184,0.9184,0.9184,0.9184,0.9184,0.9184,0.9184,0.9184,0.9184,0.9184,0.9184,0.9184,0.9184,0.9184,0.9184,0.9184,0.9184,0.9184,0.9184,0.9184,0.9184,0.9184,0.9184,0.9184,0.9184,0.9184,0.9184,0.9184,0.9184,0.9184,0.9184,0.9184,0.9184,0.9184,0.9184,0.9184,0.9184,0.9184,0.9184,0.9184,0.9184,0.9184,0.9184,0.9184,0.9184,0.9184,0.9184,0.9184,0.9184,0.9184
21,0.9719,0.9658,0.9585,0.9497,0.9393,0.9268,0.9122,0.8950,0.8751,0.8521,0.8259,0.7964,0.7636,0.7274,0.6882,0.6463,0.6021,0.5561,0.5090,0.4615,0.4142,0.3679,0.3232,0.2806,0.2407,0.2038,0.1701,0.1397,0.1127,0.1009,0.0905,0.0816,0.0740,0.0675,0.0620,0.0575,0.0536,0.0505,0.0478,0.0456,0.0438,0.0424,0.0411,0.0401,0.0393,0.0387,0.0381,0.0377,0.0373,0.0370,-5.0000,-4.7959,-4.5918,-4.3878,-4.1837,-3.9796,-3.7755,-3.5714,-3.3673,-3.1633,-2.9592,-2.7551,-2.5510,-2.3469,-2.1429,-1.9388,-1.7347,-1.5306,-1.3265,-1.1224,-0.9184,-0.7143,-0.5102,-0.3061,-0.1020,0.1020,0.3061,0.5102,0.7143,0.9184,1.1224,1.3265,1.5306,1.7347,1.9388,2.1429,2.3469,2.5510,2.7551,2.9592,3.1633,3.3673,3.5714,3.7755,3.9796,4.1837,4.3878,4.5918,4.7959,5.0000,0.7143,0.7143,0.7143,0.7143,0.7143,0.7143,0.7143,0.7143,0.7143,0.7143,0.7143,0.7143,0.7143,0.7143,0.7143,0.7143,0.7143,0.7143,0.7143,0.7143,0.7143,0.7143,0.7143,0.7143,0.7143,0.7143,0.7143,0.7143,0.7143,0.7143,0.7143,0.7143,0.7143,0.7143,0.7143,0.7143,0.7143,0.7143,0.7143,0.7143,0.7143,0.7143,0.7143,0.7143,0.7143,0.7143,0.7143,0.7143,0.7143,0.7143
22,0.9719,0.9658,0.9585,0.9497,0.9393,0.9268,0.9122,0.8950,0.8751,0.8521,0.8259,0.7964,0.7636,0.7274,0.6882,0.6463,0.6021,0.5561,0.5090,0.4615,0.4142,0.3679,0.3232,0.2806,0.2407,0.2038,0.1701,0.1397,0.1262,0.1144,0.1040,0.0951,0.0875,0.0810,0.0755,0.0710,0.0671,0.0640,0.0613,0.0591,0.0573,0.0559,0.0546,0.0536,0.0528,0.0522,0.0516,0.0512,0.0508,0.0505,-5.0000,-4.7959,-4.5918,-4.3878,-4.1837,-3.9796,-3.7755,-3.5714,-3.3673,-3.1633,-2.9592,-2.7551,-2.5510,-2.3469,-2.1429,-1.9388,-1.7347,-1.5306,-1.3265,-1.1224,-0.9184,-0.7143,-0.5102,-0.3061,-0.1020,0.1020,0.3061,0.5102,0.7143,0.9184,1.1224,1.3265,1.5306,1.7347,1.9388,2.1429,2.3469,2.5510,2.7551,2.9592,3.1633,3.3673,3.5714,3.7755,3.9796,4.1837,4.3878,4.5918,4.7959,5.0000,0.5102,0.5102,0.5102,0.5102,0.5102,0.5102,0.5102,0.5102,0.5102,0.5102,0.5102,0.5102,0.5102,0.5102,0.5102,0.5102,0.5102,0.5102,0.5102,0.5102,0.5102,0.5102,0.5102,0.5102,0.5102,0.5102,0.5102,0.5102,0.5102,0.5102,0.5102,0.5102,0.5102,0.5102,0.5102,0.5102,0.5102,0.5102,0.5102,0.5102,0.5102,0.5102,0.5102,0.5102,0.5102,0.5102,0.5102,0.5102,0.5102,0.5102
23,0.9719,0.9658,0.9585,0.9497,0.9393,0.9268,0.9122,0.8950,0.8751,0.8521,0.8259,0.7964,0.7636,0.7274,0.6882,0.6463,0.6021,0.5561,0.5090,0.4615,0.4142,0.3679,0.3232,0.2806,0.2407,0.2038,0.1701,0.1549,0.1414,0.1295,0.1192,0.1103,0.1027,0.0962,0.0907,0.0861,0.0823,0.0791,0.0765,0.0743,0.0725,0.0710,0.0698,0.0688,0.0680,0.0673,0.0668,0.0663,0.0660,0.0657,-5.0000,-4.7959,-4.5918,-4.3878,-4.1837,-3.9796,-3.7755,-3.5714,-3.3673,-3.1633,-2.9592,-2.7551,-2.5510,-2.3469,-2.1429,-1.9388,-1.7347,-1.5306,-1.3265,-1.1224,-0.9184,-0.7143,-0.5102,-0.3061,-0.1020,0.1020,0.3061,0.5102,0.7143,0.9184,1.1224,1.3265,1.5306,1.7347,1.9388,2.1429,2.3469,2.5510,2.7551,2.9592,3.1633,3.3673,3.5714,3.7755,3.9796,4.1837,4.3878,4.5918,4.7959,5.0000,0.3061,0.3061,0.3061,0.3061,0.3061,0.3061,0.3061,0.3061,0.3061,0.3061,0.3061,0.3061,0.3061,0.3061,0.3061,0.3061,0.3061,0.3061,0.3061,0.3061,0.3061,0.3061,0.3061,0.3061,0.3061,0.3061,0.3061,0.3061,0.3061,0.3061,0.3061,0.3061,0.3061,0.3061,0.3061,0.3061,0.3061,0.3061,0.3061,0.3061,0.3061,0.3061,0.3061,0.3061,0.3061,0.3061,0.3061,0.3061,0.3061,0.3061
24,0.9719,0.9658,0.9585,0.9497,0.9393,0.9268,0.9122,0.8950,0.8751,0.8521,0.8259,0.7964,0.7636,0.7274,0.6882,0.6463,0.6021,0.5561,0.5090,0.4615,0.4142,0.3679,0.3232,0.2806,0.2407,0.2038,0.1869,0.1718,0.1583,0.1464,0.1360,0.1271,0.1195,0.1130,0.1076,0.1030,0.0992,0.0960,0.0933,0.0912,0.0894,0.0879,0.0867,0.0857,0.0848,0.0842,0.0836,0.0832,0.0828,0.0825,-5.0000,-4.7959,-4.5918,-4.3878,-4.1837,-3.9796,-3.7755,-3.5714,-3.3673,-3.1633,-2.9592,-2.7551,-2.5510,-2.3469,-2.1429,-1.9388,-1.7347,-1.5306,-1.3265,-1.1224,-0.9184,-0.7143,-0.5102,-0.3061,-0.1020,0.1020,0.3061,0.5102,0.7143,0.9184,1.1224,1.3265,1.5306,1.7347,1.9388,2.1429,2.3469,2.5510,2.7551,2.9592,3.1633,3.3673,3.5714,3.7755,3.9796,4.1837,4.3878,4.5918,4.7959,5.0000,0.1020,0.1020,0.1020,0.1020,0.1020,0.1020,0.1020,0.1020,0.1020,0.1020,0.1020,0.1020,0.1020,0.1020,0.1020,0.1020,0.1020,0.1020,0.1020,0.1020,0.1020,0.1020,0.1020,0.1020,0.1020,0.1020,0.1020,0.1020,0.1020,0.1020,0.1020,0.1020,0.1020,0.1020,0.1020,0.1020,0.1020,0.1020,0.1020,0.1020,0.1020,0.1020,0.1020,0.1020,0.1020,0.1020,0.1020,0.1020,0.1020,0.1020
25,0.9719,0.9658,0.9585,0.9497,0.9393,0.9268,0.9122,0.8950,0.8751,0.8521,0.8259,0.7964,0.7636,0.7274,0.6882,0.6463,0.6021,0.5561,0.5090,0.4615,0.4142,0.3679,0.3232,0.2806,0.2407,0.2222,0.2054,0.1902,0.1767,0.1648,0.1545,0.1456,0.1380,0.1315,0.1260,0.1214,0.1176,0.1144,0.1118,0.1096,0.1078,0.1063,0.1051,0.1041,0.1033,0.1026,0.1021,0.1016,0.1013,0.1010,-5.0000,-4.7959,-4.5918,-4.3878,-4.1837,-3.9796,-3.7755,-3.5714,-3.3673,-3.1633,-2.9592,-2.7551,-2.5510,-2.3469,-2.1429,-1.9388,-1.7347,-1.5306,-1.3265,-1.1224,-0.9184,-0.7143,-0.5102,-0.3061,-0.1020,0.1020,0.3061,0.5102,0.7143,0.9184,1.1224,1.3265,1.5306,1.7347,1.9388,2.1429,2.3469,2.5510,2.7551,2.9592,3.1633,3.3673,3.5714,3.7755,3.9796,4.1837,4.3878,4.5918,4.7959,5.0000,-0.1020,-0.1020,-0.1020,-0.1020,-0.1020,-0.1020,-0.1020,-0.1020,-0.1020,-0.1020,-0.1020,-0.1020,-0.1020,-0.1020,-0.1020,-0.1020,-0.1020,-0.1020,-0.1020,-0.1020,-0.1020,-0.1020,-0.1020,-0.1020,-0.1020,-0.1020,-0.1020,-0.1020,-0.1020,-0.1020,-0.1020,-0.1020,-0.1020,-0.1020,-0.1020,-0.1020,-0.1020,-0.1020,-0.1020,-0.1020,-0.1020,-0.1020,-0.1020,-0.1020,-0.1020,-0.1020,-0.1020,-0.1020,-0.1020,-0.1020
26,0.9719,0.9658,0.9585,0.9497,0.9393,0.9268,0.9122,0.8950,0.8751,0.8521,0.8259,0.7964,0.7636,0.7274,0.6882,0.6463,0.6021,0.5561,0.5090,0.4615,0.4142,0.3679,0.3232,0.2806,0.2607,0.2422,0.2254,0.2102,0.1967,0.1848,0.1745,0.1655,0.1579,0.1514,0.1460,0.1414,0.1376,0.1344,0.1318,0.1296,0.1278,0.1263,0.1251,0.1241,0.1233,0.1226,0.1220,0.1216,0.1212,0.1209,-5.0000,-4.7959,-4.5918,-4.3878,-4.1837,-3.9796,-3.7755,-3.5714,-3.3673,-3.1633,-2.9592,-2.7551,-2.5510,-2.3469,-2.1429,-1.9388,-1.7347,-1.5306,-1.3265,-1.1224,-0.9184,-0.7143,-0.5102,-0.3061,-0.1020,0.1020,0.3061,0.5102,0.7143,0.9184,1.1224,1.3265,1.5306,1.7347,1.9388,2.1429,2.3469,2.5510,2.7551,2.9592,3.1633,3.3673,3.5714,3.7755,3.9796,4.1837,4.3878,4.5918,4.7959,5.0000,-0.3061,-0.3061,-0.3061,-0.3061,-0.3061,-0.3061,-0.3061,-0.3061,-0.3061,-0.3061,-0.3061,-0.3061,-0.3061,-0.3061,-0.3061,-0.3061,-0.3061,-0.3061,-0.3061,-0.3061,-0.3061,-0.3061,-0.3061,-0.3061,-0.3061,-0.3061,-0.3061,-0.3061,-0.3061,-0.3061,-0.3061,-0.3061,-0.3061,-0.3061,-0.3061,-0.3061,-0.3061,-0.3061,-0.3061,-0.3061,-0.3061,-0.3061,-0.3061,-0.3061,-0.3061,-0.3061,-0.3061,-0.3061,-0.3061,-0.3061
27,0.9719,0.9658,0.9585,0.9497,0.9393,0.9268,0.9122,0.8950,0.8751,0.8521,0.8259,0.7964,0.7636,0.7274,0.6882,0.6463,0.6021,0.5561,0.5090,0.4615,0.4142,0.3679,0.3232,0.3019,0.2819,0.2635,0.2466,0.2315,0.2180,0.2061,0.1957,0.1868,0.1792,0.1727,0.1673,0.1627,0.1588,0.1557,0.1530,0.1508,0.1491,0.1476,0.1464,0.1454,0.1445,0.1439,0.1433,0.1429,0.1425,0.1422,-5.0000,-4.7959,-4.5918,-4.3878,-4.1837,-3.9796,-3.7755,-3.5714,-3.3673,-3.1633,-2.9592,-2.7551,-2.5510,-2.3469,-2.1429,-1.9388,-1.7347,-1.5306,-1.3265,-1.1224,-0.9184,-0.7143,-0.5102,-0.3061,-0.1020,0.1020,0.3061,0.5102,0.7143,0.9184,1.1224,1.3265,1.5306,1.7347,1.9388,2.1429,2.3469,2.5510,2.7551,2.9592,3.1633,3.3673,3.5714,3.7755,3.9796,4.1837,4.3878,4.5918,4.7959,5.0000,-0.5102,-0.5102,-0.5102,-0.5102,-0.5102,-0.5102,-0.5102,-0.5102,-0.5102,-0.5102,-0.5102,-0.5102,-0.5102,-0.5102,-0.5102,-0.5102,-0.5102,-0.5102,-0.5102,-0.5102,-0.5102,-0.5102,-0.5102,-0.5102,-0.5102,-0.5102,-0.5102,-0.5102,-0.5102,-0.5102,-0.5102,-0.5102,-0.5102,-0.5102,-0.5102,-0.5102,-0.5102,-0.5102,-0.5102,-0.5102,-0.5102,-0.5102,-0.5102,-0.5102,-0.5102,-0.5102,-0.5102,-0.5102,-0.5102,-0.5102
28,0.9719,0.9658,0.9585,0.9497,0.9393,0.9268,0.9122,0.8950,0.8751,0.8521,0.8259,0.7964,0.7636,0.7274,0.6882,0.6463,0.6021,0.5561,0.5090,0.4615,0.4142,0.3679,0.3455,0.3243,0.3043,0.2858,0.2690,0.2538,0.2403,0.2284,0.2181,0.2092,0.2016,0.1951,0.1896,0.1850,0.1812,0.1780,0.1754,0.1732,0.1714,0.1699,0.1687,0.1677,0.1669,0.1662,0.1657,0.1652,0.1649,0.1646,-5.0000,-4.7959,-4.5918,-4.3878,-4.1837,-3.9796,-3.7755,-3.5714,-3.3673,-3.1633,-2.9592,-2.7551,-2.5510,-2.3469,-2.1429,-1.9388,-1.7347,-1.5306,-1.3265,-1.1224,-0.9184,-0.7143,-0.5102,-0.3061,-0.1020,0.1020,0.3061,0.5102,0.7143,0.9184,1.1224,1.3265,1.5306,1.7347,1.9388,2.1429,2.3469,2.5510,2.7551,2.9592,3.1633,3.3673,3.5714,3.7755,3.9796,4.1837,4.3878,4.5918,4.7959,5.0000,-0.7143,-0.7143,-0.7143,-0.7143,-0.7143,-0.7143,-0.7143,-0.7143,-0.7143,-0.7143,-0.7143,-0.7143,-0.7143,-0.7143,-0.7143,-0.7143,-0.7143,-0.7143,-0.7143,-0.7143,-0.7143,-0.7143,-0.7143,-0.7143,-0.7143,-0.7143,-0.7143,-0.7143,-0.7143,-0.7143,-0.7143,-0.7143,-0.7143,-0.7143,-0.7143,-0.7143,-0.7143,-0.7143,-0.7143,-0.7143,-0.7143,-0.7143,-0.7143,-0.7143,-0.7143,-0.7143,-0.7143,-0.7143,-0.7143,-0.7143
29,0.9719,0.9658,0.9585,0.9497,0.9393,0.9268,0.9122,0.8950,0.8751,0.8521,0.8259,0.7964,0.7636,0.7274,0.6882,0.6463,0.6021,0.5561,0.5090,0.4615,0.4142,0.3911,0.3687,0.3474,0.3275,0.3090,0.2922,0.2770,0.2635,0.2516,0.2413,0.2323,0.2247,0.2182,0.2128,0.2082,0.2044,0.2012,0.1985,0.1964,0.1946,0.1931,0.1919,0.1909,0.1901,0.1894,0.1888,0.1884,0.1880,0.1877,-5.0000,-4.7959,-4.5918,-4.3878,-4.1837,-3.9796,-3.7755,-3.5714,-3.3673,-3.1633,-2.9592,-2.7551,-2.5510,-2.3469,-2.1429,-1.9388,-1.7347,-1.5306,-1.3265,-1.1224,-0.9184,-0.7143,-0.5102,-0.3061,-0.1020,0.1020,0.3061,0.5102,0.7143,0.9184,1.1224,1.3265,1.5306,1.7347,1.9388,2.1429,2.3469,2.5510,2.7551,2.9592,3.1633,3.3673,3.5714,3.7755,3.9796,4.1837,4.3878,4.5918,4.7959,5.0000,-0.9184,-0.9184,-0.9184,-0.9184,-0.9184,-0.9184,-0.9184,-0.9184,-0.9184,-0.9184,-0.9184,-0.9184,-0.9184,-0.9184,-0.9184,-0.9184,-0.9184,-0.9184,-0.9184,-0.9184,-0.9184,-0.9184,-0.9184,-0.9184,-0.9184,-0.9184,-0.9184,-0.9184,-0.9184,-0.9184,-0.9184,-0.9184,-0.9184,-0.9184,-0.9184,-0.9184,-0.9184,-0.9184,-0.9184,-0.9184,-0.9184,-0.9184,-0.9184,-0.9184,-0.9184,-0.9184,-0.9184,-0.9184,-0.9184,-0.9184
30,0.9719,0.9658,0.9585,0.9497,0.9393,0.9268,0.9122,0.8950,0.8751,0.8521,0.8259,0.7964,0.7636,0.7274,0.6882,0.6463,0.6021,0.5561,0.5090,0.4615,0.4378,0.4147,0.3923,0.3710,0.3511,0.3326,0.3158,0.3006,0.2871,0.2752,0.2649,0.2560,0.2484,0.2419,0.2364,0.2318,0.2280,0.2248,0.2222,0.2200,0.2182,0.2167,0.2155,0.2145,0.2137,0.2130,0.2125,0.2120,0.2117,0.2114,-5.0000,-4.7959,-4.5918,-4.3878,-4.1837,-3.9796,-3.7755,-3.5714,-3.3673,-3.1633,-2.9592,-2.7551,-2.5510,-2.3469,-2.1429,-1.9388,-1.7347,-1.5306,-1.3265,-1.1224,-0.9184,-0.7143,-0.5102,-0.3061,-0.1020,0.1020,0.3061,0.5102,0.7143,0.9184,1.1224,1.3265,1.5306,1.7347,1.9388,2.1429,2.3469,2.5510,2.7551,2.9592,3.1633,3.3673,3.5714,3.7755,3.9796,4.1837,4.3878,4.5918,4.7959,5.0000,-1.1224,-1.1224,-1.1224,-1.1224,-1.1224,-1.1224,-1.1224,-1.1224,-1.1224,-1.1224,-1.1224,-1.1224,-1.1224,-1.1224,-1.1224,-1.1224,-1.1224,-1.1224,-1.1224,-1.1224,-1.1224,-1.1224,-1.1224,-1.1224,-1.1224,-1.1224,-1.1224,-1.1224,-1.1224,-1.1224,-1.1224,-1.1224,-1.1224,-1.1224,-1.1224,-1.1224,-1.1224,-1.1224,-1.1224,-1.1224,-1.1224,-1.1224,-1.1224,-1.1224,-1.1224,-1.1224,-1.1224,-1.1224,-1.1224,-1.1224
31,0.9719,0.9658,0.9585,0.9497,0.9393,0.9268,0.9122,0.8950,0.8751,0.8521,0.8259,0.7964,0.7636,0.7274,0.6882,0.6463,0.6021,0.5561,0.5090,0.4852,0.4616,0.4385,0.4161,0.3948,0.3749,0.3564,0.3396,0.3244,0.3109,0.2990,0.2887,0.2797,0.2721,0.2656,0.2602,0.2556,0.2518,0.2486,0.2459,0.2438,0.2420,0.2405,0.2393,0.2383,0.2375,0.2368,0.2362,0.2358,0.2354,0.2351,-5.0000,-4.7959,-4.5918,-4.3878,-4.1837,-3.9796,-3.7755,-3.5714,-3.3673,-3.1633,-2.9592,-2.7551,-2.5510,-2.3469,-2.1429,-1.9388,-1.7347,-1.5306,-1.3265,-1.1224,-0.9184,-0.7143,-0.5102,-0.3061,-0.1020,0.1020,0.3061,0.5102,0.7143,0.9184,1.1224,1.3265,1.5306,1.7347,1.9388,2.1429,2.3469,2.5510,2.7551,2.9592,3.1633,3.3673,3.5714,3.7755,3.9796,4.1837,4.3878,4.5918,4.7959,5.0000,-1.3265,-1.3265,-1.3265,-1.3265,-1.3265,-1.3265,-1.3265,-1.3265,-1.3265,-1.3265,-1.3265,-1.3265,-1.3265,-1.3265,-1.3265,-1.3265,-1.3265,-1.3265,-1.3265,-1.3265,-1.3265,-1.3265,-1.3265,-1.3265,-1.3265,-1.3265,-1.3265,-1.3265,-1.3265,-1.3265,-1.3265,-1.3265,-1.3265,-1.3265,-1.3265,-1.3265,-1.3265,-1.3265,-1.3265,-1.3265,-1.3265,-1.3265,-1.3265,-1.3265,-1.3265,-1.3265,-1.3265,-1.3265,-1.3265,-1.3265
32,0.9719,0.9658,0.9585,0.9497,0.9393,0.9268,0.9122,0.8950,0.8751,0.8521,0.8259,0.7964,0.7636,0.7274,0.6882,0.6463,0.6021,0.5561,0.5326,0.5088,0.4852,0.4620,0.4396,0.4184,0.3984,0.3799,0.3631,0.3479,0.3344,0.3226,0.3122,0.3033,0.2957,0.2892,0.2837,0.2791,0.2753,0.2721,0.2695,0.2673,0.2655,0.2640,0.2628,0.2618,0.2610,0.2603,0.2598,0.2593,0.2590,0.2587,-5.0000,-4.7959,-4.5918,-4.3878,-4.1837,-3.9796,-3.7755,-3.5714,-3.3673,-3.1633,-2.9592,-2.7551,-2.5510,-2.3469,-2.1429,-1.9388,-1.7347,-1.5306,-1.3265,-1.1224,-0.9184,-0.7143,-0.5102,-0.3061,-0.1020,0.1020,0.3061,0.5102,0.7143,0.9184,1.1224,1.3265,1.5306,1.7347,1.9388,2.1429,2.3469,2.5510,2.7551,2.9592,3.1633,3.3673,3.5714,3.7755,3.9796,4.1837,4.3878,4.5918,4.7959,5.0000,-1.5306,-1.5306,-1.5306,-1.5306,-1.5306,-1.5306,-1.5306,-1.5306,-1.5306,-1.5306,-1.5306,-1.5306,-1.5306,-1.5306,-1.5306,-1.5306,-1.5306,-1.5306,-1.5306,-1.5306,-1.5306,-1.5306,-1.5306,-1.5306,-1.5306,-1.5306,-1.5306,-1.5306,-1.5306,-1.5306,-1.5306,-1.5306,-1.5306,-1.5306,-1.5306,-1.5306,-1.5306,-1.5306,-1.5306,-1.5306,-1.5306,-1.5306,-1.5306,-1.5306,-1.5306,-1.5306,-1.5306,-1.5306,-1.5306,-1.5306
33,0.9719,0.9658,0.9585,0.9497,0.9393,0.9268,0.9122,0.8950,0.8751,0.8521,0.8259,0.7964,0.7636,0.7274,0.6882,0.6463,0.6021,0.5791,0.5555,0.5318,0.5081,0.4850,0.4626,0.4413,0.4214,0.4029,0.3861,0.3709,0.3574,0.3455,0.3352,0.3263,0.3187,0.3122,0.3067,0.3021,0.2983,0.2951,0.2925,0.2903,0.2885,0.2870,0.2858,0.2848,0.2840,0.2833,0.2828,0.2823,0.2820,0.2817,-5.0000,-4.7959,-4.5918,-4.3878,-4.1837,-3.9796,-3.7755,-3.5714,-3.3673,-3.1633,-2.9592,-2.7551,-2.5510,-2.3469,-2.1429,-1.9388,-1.7347,-1.5306,-1.3265,-1.1224,-0.9184,-0.7143,-0.5102,-0.3061,-0.1020,0.1020,0.3061,0.5102,0.7143,0.9184,1.1224,1.3265,1.5306,1.7347,1.9388,2.1429,2.3469,2.5510,2.7551,2.9592,3.1633,3.3673,3.5714,3.7755,3.9796,4.1837,4.3878,4.5918,4.7959,5.0000,-1.7347,-1.7347,-1.7347,-1.7347,-1.7347,-1.7347,-1.7347,-1.7347,-1.7347,-1.7347,-1.7347,-1.7347,-1.7347,-1.7347,-1.7347,-1.7347,-1.7347,-1.7347,-1.7347,-1.7347,-1.7347,-1.7347,-1.7347,-1.7347,-1.7347,-1.7347,-1.7347,-1.7347,-1.7347,-1.7347,-1.7347,-1.7347,-1.7347,-1.7347,-1.7347,-1.7347,-1.7347,-1.7347,-1.7347,-1.7347,-1.7347,-1.7347,-1.7347,-1.7347,-1.7347,-1.7347,-1.7347,-1.7347,-1.7347,-1.7347
34,0.9719,0.9658,0.9585,0.9497,0.9393,0.9268,0.9122,0.8950,0.8751,0.8521,0.8259,0.7964,0.7636,0.7274,0.6882,0.6463,0.6242,0.6012,0.5777,0.5539,0.5303,0.5071,0.4847,0.4635,0.4435,0.4250,0.4082,0.3930,0.3795,0.3677,0.3573,0.3484,0.3408,0.3343,0.3288,0.3242,0.3204,0.3172,0.3146,0.3124,0.3106,0.3091,0.3079,0.3069,0.3061,0.3054,0.3049,0.3044,0.3041,0.3038,-5.0000,-4.7959,-4.5918,-4.3878,-4.1837,-3.9796,-3.7755,-3.5714,-3.3673,-3.1633,-2.9592,-2.7551,-2.5510,-2.3469,-2.1429,-1.9388,-1.7347,-1.5306,-1.3265,-1.1224,-0.9184,-0.7143,-0.5102,-0.3061,-0.1020,0.1020,0.3061,0.5102,0.7143,0.9184,1.1224,1.3265,1.5306,1.7347,1.9388,2.1429,2.3469,2.5510,2.7551,2.9592,3.1633,3.3673,3.5714,3.7755,3.9796,4.1837,4.3878,4.5918,4.7959,5.0000,-1.9388,-1.9388,-1.9388,-1.9388,-1.9388,-1.9388,-1.9388,-1.9388,-1.9388,-1.9388,-1.9388,-1.9388,-1.9388,-1.9388,-1.9388,-1.9388,-1.9388,-1.9388,-1.9388,-1.9388,-1.9388,-1.9388,-1.9388,-1.9388,-1.9388,-1.9388,-1.9388,-1.9388,-1.9388,-1.9388,-1.9388,-1.9388,-1.9388,-1.9388,-1.9388,-1.9388,-1.9388,-1.9388,-1.9388,-1.9388,-1.9388,-1.9388,-1.9388,-1.9388,-1.9388,-1.9388,-1.9388,-1.9388,-1.9388,-1.9388
35,0.9719,0.9658,0.9585,0.9497,0.9393,0.9268,0.9122,0.8950,0.8751,0.8521,0.8259,0.7964,0.7636,0.7274,0.6882,0.6673,0.6452,0.6222,0.5986,0.5749,0.5512,0.5281,0.5057,0.4844,0.4645,0.4460,0.4292,0.4140,0.4005,0.3886,0.3783,0.3694,0.3617,0.3553,0.3498,0.3452,0.3414,0.3382,0.3356,0.3334,0.3316,0.3301,0.3289,0.3279,0.3271,0.3264,0.3259,0.3254,0.3251,0.3248,-5.0000,-4.7959,-4.5918,-4.3878,-4.1837,-3.9796,-3.7755,-3.5714,-3.3673,-3.1633,-2.9592,-2.7551,-2.5510,-2.3469,-2.1429,-1.9388,-1.7347,-1.5306,-1.3265,-1.1224,-0.9184,-0.7143,-0.5102,-0.3061,-0.1020,0.1020,0.3061,0.5102,0.7143,0.9184,1.1224,1.3265,1.5306,1.7347,1.9388,2.1429,2.3469,2.5510,2.7551,2.9592,3.1633,3.3673,3.5714,3.7755,3.9796,4.1837,4.3878,4.5918,4.7959,5.0000,-2.1429,-2.1429,-2.1429,-2.1429,-2.1429,-2.1429,-2.1429,-2.1429,-2.1429,-2.1429,-2.1429,-2.1429,-2.1429,-2.1429,-2.1429,-2.1429,-2.1429,-2.1429,-2.1429,-2.1429,-2.1429,-2.1429,-2.1429,-2.1429,-2.1429,-2.1429,-2.1429,-2.1429,-2.1429,-2.1429,-2.1429,-2.1429,-2.1429,-2.1429,-2.1429,-2.1429,-2.1429,-2.1429,-2.1429,-2.1429,-2.1429,-2.1429,-2.1429,-2.1429,-2.1429,-2.1429,-2.1429,-2.1429,-2.1429,-2.1429
36,0.9719,0.9658,0.9585,0.9497,0.9393,0.9268,0.9122,0.8950,0.8751,0.8521,0.8259,0.7964,0.7636,0.7274,0.7078,0.6869,0.6648,0.6418,0.6182,0.5945,0.5708,0.5477,0.5253,0.5040,0.4841,0.4656,0.4488,0.4336,0.4201,0.4082,0.3979,0.3890,0.3813,0.3749,0.3694,0.3648,0.3610,0.3578,0.3552,0.3530,0.3512,0.3497,0.3485,0.3475,0.3467,0.3460,0.3455,0.3450,0.3446,0.3443,-5.0000,-4.7959,-4.5918,-4.3878,-4.1837,-3.9796,-3.7755,-3.5714,-3.3673,-3.1633,-2.9592,-2.7551,-2.5510,-2.3469,-2.1429,-1.9388,-1.7347,-1.5306,-1.3265,-1.1224,-0.9184,-0.7143,-0.5102,-0.3061,-0.1020,0.1020,0.3061,0.5102,0.7143,0.9184,1.1224,1.3265,1.5306,1.7347,1.9388,2.1429,2.3469,2.5510,2.7551,2.9592,3.1633,3.3673,3.5714,3.7755,3.9796,4.1837,4.3878,4.5918,4.7959,5.0000,-2.3469,-2.3469,-2.3469,-2.3469,-2.3469,-2.3469,-2.3469,-2.3469,-2.3469,-2.3469,-2.3469,-2.3469,-2.3469,-2.3469,-2.3469,-2.3469,-2.3469,-2.3469,-2.3469,-2.3469,-2.3469,-2.3469,-2.3469,-2.3469,-2.3469,-2.3469,-2.3469,-2.3469,-2.3469,-2.3469,-2.3469,-2.3469,-2.3469,-2.3469,-2.3469,-2.3469,-2.3469,-2.3469,-2.3469,-2.3469,-2.3469,-2.3469,-2.3469,-2.3469,-2.3469,-2.3469,-2.3469,-2.3469,-2.3469,-2.3469
37,0.9719,0.9658,0.9585,0.9497,0.9393,0.9268,0.9122,0.8950,0.8751,0.8521,0.8259,0.7964,0.7636,0.7455,0.7259,0.7049,0.6828,0.6598,0.6363,0.6125,0.5889,0.5657,0.5434,0.5221,0.5021,0.4837,0.4668,0.4517,0.4382,0.4263,0.4159,0.4070,0.3994,0.3929,0.3875,0.3829,0.3790,0.3759,0.3732,0.3710,0.3692,0.3678,0.3666,0.3656,0.3647,0.3641,0.3635,0.3631,0.3627,0.3624,-5.0000,-4.7959,-4.5918,-4.3878,-4.1837,-3.9796,-3.7755,-3.5714,-3.3673,-3.1633,-2.9592,-2.7551,-2.5510,-2.3469,-2.1429,-1.9388,-1.7347,-1.5306,-1.3265,-1.1224,-0.9184,-0.7143,-0.5102,-0.3061,-0.1020,0.1020,0.3061,0.5102,0.7143,0.9184,1.1224,1.3265,1.5306,1.7347,1.9388,2.1429,2.3469,2.5510,2.7551,2.9592,3.1633,3.3673,3.5714,3.7755,3.9796,4.1837,4.3878,4.5918,4.7959,5.0000,-2.5510,-2.5510,-2.5510,-2.5510,-2.5510,-2.5510,-2.5510,-2.5510,-2.5510,-2.5510,-2.5510,-2.5510,-2.5510,-2.5510,-2.5510,-2.5510,-2.5510,-2.5510,-2.5510,-2.5510,-2.5510,-2.5510,-2.5510,-2.5510,-2.5510,-2.5510,-2.5510,-2.5510,-2.5510,-2.5510,-2.5510,-2.5510,-2.5510,-2.5510,-2.5510,-2.5510,-2.5510,-2.5510,-2.5510,-2.5510,-2.5510,-2.5510,-2.5510,-2.5510,-2.5510,-2.5510,-2.5510,-2.5510,-2.5510,-2.5510
38,0.9719,0.9658,0.9585,0.9497,0.9393,0.9268,0.9122,0.8950,0.8751,0.8521,0.8259,0.7964,0.7800,0.7619,0.7423,0.7214,0.6993,0.6763,0.6527,0.6290,0.6053,0.5822,0.5598,0.5385,0.5186,0.5001,0.4833,0.4681,0.4546,0.4427,0.4324,0.4235,0.4158,0.4093,0.4039,0.3993,0.3955,0.3923,0.3897,0.3875,0.3857,0.3842,0.3830,0.3820,0.3812,0.3805,0.3800,0.3795,0.3791,0.3788,-5.0000,-4.7959,-4.5918,-4.3878,-4.1837,-3.9796,-3.7755,-3.5714,-3.3673,-3.1633,-2.9592,-2.7551,-2.5510,-2.3469,-2.1429,-1.9388,-1.7347,-1.5306,-1.3265,-1.1224,-0.9184,-0.7143,-0.5102,-0.3061,-0.1020,0.1020,0.3061,0.5102,0.7143,0.9184,1.1224,1.3265,1.5306,1.7347,1.9388,2.1429,2.3469,2.5510,2.7551,2.9592,3.1633,3.3673,3.5714,3.7755,3.9796,4.1837,4.3878,4.5918,4.7959,5.0000,-2.7551,-2.7551,-2.7551,-2.7551,-2.7551,-2.7551,-2.7551,-2.7551,-2.7551,-2.7551,-2.7551,-2.7551,-2.7551,-2.7551,-2.7551,-2.7551,-2.7551,-2.7551,-2.7551,-2.7551,-2.7551,-2.7551,-2.7551,-2.7551,-2.7551,-2.7551,-2.7551,-2.7551,-2.7551,-2.7551,-2.7551,-2.7551,-2.7551,-2.7551,-2.7551,-2.7551,-2.7551,-2.7551,-2.7551,-2.7551,-2.7551,-2.7551,-2.7551,-2.7551,-2.7551,-2.7551,-2.7551,-2.7551,-2.7551,-2.7551
39,0.9719,0.9658,0.9585,0.9497,0.9393,0.9268,0.9122,0.8950,0.8751,0.8521,0.8259,0.8112,0.7947,0.7767,0.7571,0.7361,0.7140,0.6910,0.6675,0.6437,0.6201,0.5969,0.5746,0.5533,0.5333,0.5149,0.4980,0.4828,0.4693,0.4575,0.4471,0.4382,0.4306,0.4241,0.4186,0.4141,0.4102,0.4070,0.4044,0.4022,0.4004,0.3989,0.3977,0.3967,0.3959,0.3953,0.3947,0.3943,0.3939,0.3936,-5.0000,-4.7959,-4.5918,-4.3878,-4.1837,-3.9796,-3.7755,-3.5714,-3.3673,-3.1633,-2.9592,-2.7551,-2.5510,-2.3469,-2.1429,-1.9388,-1.7347,-1.5306,-1.3265,-1.1224,-0.9184,-0.7143,-0.5102,-0.3061,-0.1020,0.1020,0.3061,0.5102,0.7143,0.9184,1.1224,1.3265,1.5306,1.7347,1.9388,2.1429,2.3469,2.5510,2.7551,2.9592,3.1633,3.3673,3.5714,3.7755,3.9796,4.1837,4.3878,4.5918,4.7959,5.0000,-2.9592,-2.9592,-2.9592,-2.9592,-2.9592,-2.9592,-2.9592,-2.9592,-2.9592,-2.9592,-2.9592,-2.9592,-2.9592,-2.9592,-2.9592,-2.9592,-2.9592,-2.9592,-2.9592,-2.9592,-2.9592,-2.9592,-2.9592,-2.9592,-2.9592,-2.9592,-2.9592,-2.9592,-2.9592,-2.9592,-2.9592,-2.9592,-2.9592,-2.9592,-2.9592,-2.9592,-2.9592,-2.9592,-2.9592,-2.9592,-2.9592,-2.9592,-2.9592,-2.9592,-2.9592,-2.9592,-2.9592,-2.9592,-2.9592,-2.9592
40,0.9719,0.9658,0.9585,0.9497,0.9393,0.9268,0.9122,0.8950,0.8751,0.8521,0.8390,0.8243,0.8078,0.7898,0.7702,0.7492,0.7271,0.7041,0.6806,0.6568,0.6332,0.6100,0.5876,0.5664,0.5464,0.5279,0.5111,0.4959,0.4824,0.4705,0.4602,0.4513,0.4437,0.4372,0.4317,0.4271,0.4233,0.4201,0.4175,0.4153,0.4135,0.4120,0.4108,0.4098,0.4090,0.4083,0.4078,0.4073,0.4070,0.4067,-5.0000,-4.7959,-4.5918,-4.3878,-4.1837,-3.9796,-3.7755,-3.5714,-3.3673,-3.1633,-2.9592,-2.7551,-2.5510,-2.3469,-2.1429,-1.9388,-1.7347,-1.5306,-1.3265,-1.1224,-0.9184,-0.7143,-0.5102,-0.3061,-0.1020,0.1020,0.3061,0.5102,0.7143,0.9184,1.1224,1.3265,1.5306,1.7347,1.9388,2.1429,2.3469,2.5510,2.7551,2.9592,3.1633,3.3673,3.5714,3.7755,3.9796,4.1837,4.3878,4.5918,4.7959,5.0000,-3.1633,-3.1633,-3.1633,-3.1633,-3.1633,-3.1633,-3.1633,-3.1633,-3.1633,-3.1633,-3.1633,-3.1633,-3.1633,-3.1633,-3.1633,-3.1633,-3.1633,-3.1633,-3.1633,-3.1633,-3.1633,-3.1633,-3.1633,-3.1633,-3.1633,-3.1633,-3.1633,-3.1633,-3.1633,-3.1633,-3.1633,-3.1633,-3.1633,-3.1633,-3.1633,-3.1633,-3.1633,-3.1633,-3.1633,-3.1633,-3.1633,-3.1633,-3.1633,-3.1633,-3.1633,-3.1633,-3.1633,-3.1633,-3.1633,-3.1633
41,0.9719,0.9658,0.9585,0.9497,0.9393,0.9268,0.9122,0.8950,0.8751,0.8636,0.8505,0.8357,0.8193,0.8013,0.7817,0.7607,0.7386,0.7156,0.6920,0.6683,0.6446,0.6215,0.5991,0.5778,0.5579,0.5394,0.5226,0.5074,0.4939,0.4820,0.4717,0.4628,0.4551,0.4487,0.4432,0.4386,0.4348,0.4316,0.4290,0.4268,0.4250,0.4235,0.4223,0.4213,0.4205,0.4198,0.4193,0.4188,0.4185,0.4182,-5.0000,-4.7959,-4.5918,-4.3878,-4.1837,-3.9796,-3.7755,-3.5714,-3.3673,-3.1633,-2.9592,-2.7551,-2.5510,-2.3469,-2.1429,-1.9388,-1.7347,-1.5306,-1.3265,-1.1224,-0.9184,-0.7143,-0.5102,-0.3061,-0.1020,0.1020,0.3061,0.5102,0.7143,0.9184,1.1224,1.3265,1.5306,1.7347,1.9388,2.1429,2.3469,2.5510,2.7551,2.9592,3.1633,3.3673,3.5714,3.7755,3.9796,4.1837,4.3878,4.5918,4.7959,5.0000,-3.3673,-3.3673,-3.3673,-3.3673,-3.3673,-3.3673,-3.3673,-3.3673,-3.3673,-3.3673,-3.3673,-3.3673,-3.3673,-3.3673,-3.3673,-3.3673,-3.3673,-3.3673,-3.3673,-3.3673,-3.3673,-3.3673,-3.3673,-3.3673,-3.3673,-3.3673,-3.3673,-3.3673,-3.3673,-3.3673,-3.3673,-3.3673,-3.3673,-3.3673,-3.3673,-3.3673,-3.3673,-3.3673,-3.3673,-3.3673,-3.3673,-3.3673,-3.3673,-3.3673,-3.3673,-3.3673,-3.3673,-3.3673,-3.3673,-3.3673
42,0.9719,0.9658,0.9585,0.9497,0.9393,0.9268,0.9122,0.8950,0.8850,0.8736,0.8605,0.8457,0.8293,0.8112,0.7916,0.7707,0.7485,0.7256,0.7020,0.6782,0.6546,0.6315,0.6091,0.5878,0.5679,0.5494,0.5326,0.5174,0.5039,0.4920,0.4817,0.4727,0.4651,0.4586,0.4532,0.4486,0.4448,0.4416,0.4389,0.4368,0.4350,0.4335,0.4323,0.4313,0.4305,0.4298,0.4292,0.4288,0.4284,0.4281,-5.0000,-4.7959,-4.5918,-4.3878,-4.1837,-3.9796,-3.7755,-3.5714,-3.3673,-3.1633,-2.9592,-2.7551,-2.5510,-2.3469,-2.1429,-1.9388,-1.7347,-1.5306,-1.3265,-1.1224,-0.9184,-0.7143,-0.5102,-0.3061,-0.1020,0.1020,0.3061,0.5102,0.7143,0.9184,1.1224,1.3265,1.5306,1.7347,1.9388,2.1429,2.3469,2.5510,2.7551,2.9592,3.1633,3.3673,3.5714,3.7755,3.9796,4.1837,4.3878,4.5918,4.7959,5.0000,-3.5714,-3.5714,-3.5714,-3.5714,-3.5714,-3.5714,-3.5714,-3.5714,-3.5714,-3.5714,-3.5714,-3.5714,-3.5714,-3.5714,-3.5714,-3.5714,-3.5714,-3.5714,-3.5714,-3.5714,-3.5714,-3.5714,-3.5714,-3.5714,-3.5714,-3.5714,-3.5714,-3.5714,-3.5714,-3.5714,-3.5714,-3.5714,-3.5714,-3.5714,-3.5714,-3.5714,-3.5714,-3.5714,-3.5714,-3.5714,-3.5714,-3.5714,-3.5714,-3.5714,-3.5714,-3.5714,-3.5714,-3.5714,-3.5714,-3.5714
43,0.9719,0.9658,0.9585,0.9497,0.9393,0.9268,0.9122,0.9036,0.8936,0.8821,0.8691,0.8543,0.8379,0.8198,0.8002,0.7792,0.7571,0.7341,0.7106,0.6868,0.6632,0.6400,0.6177,0.5964,0.5764,0.5580,0.5411,0.5260,0.5125,0.5006,0.4902,0.4813,0.4737,0.4672,0.4618,0.4572,0.4534,0.4502,0.4475,0.4454,0.4436,0.4421,0.4409,0.4399,0.4390,0.4384,0.4378,0.4374,0.4370,0.4367,-5.0000,-4.7959,-4.5918,-4.3878,-4.1837,-3.9796,-3.7755,-3.5714,-3.3673,-3.1633,-2.9592,-2.7551,-2.5510,-2.3469,-2.1429,-1.9388,-1.7347,-1.5306,-1.3265,-1.1224,-0.9184,-0.7143,-0.5102,-0.3061,-0.1020,0.1020,0.3061,0.5102,0.7143,0.9184,1.1224,1.3265,1.5306,1.7347,1.9388,2.1429,2.3469,2.5510,2.7551,2.9592,3.1633,3.3673,3.5714,3.7755,3.9796,4.1837,4.3878,4.5918,4.7959,5.0000,-3.7755,-3.7755,-3.7755,-3.7755,-3.7755,-3.7755,-3.7755,-3.7755,-3.7755,-3.7755,-3.7755,-3.7755,-3.7755,-3.7755,-3.7755,-3.7755,-3.7755,-3.7755,-3.7755,-3.7755,-3.7755,-3.7755,-3.7755,-3.7755,-3.7755,-3.7755,-3.7755,-3.7755,-3.7755,-3.7755,-3.7755,-3.7755,-3.7755,-3.7755,-3.7755,-3.7755,-3.7755,-3.7755,-3.7755,-3.7755,-3.7755,-3.7755,-3.7755,-3.7755,-3.7755,-3.7755,-3.7755,-3.7755,-3.7755,-3.7755
44,0.9719,0.9658,0.9585,0.9497,0.9393,0.9268,0.9195,0.9109,0.9009,0.8895,0.8764,0.8616,0.8452,0.8271,0.8075,0.7866,0.7645,0.7415,0.7179,0.6942,0.6705,0.6474,0.6250,0.6037,0.5838,0.5653,0.5485,0.5333,0.5198,0.5079,0.4976,0.4887,0.4810,0.4746,0.4691,0.4645,0.4607,0.4575,0.4549,0.4527,0.4509,0.4494,0.4482,0.4472,0.4464,0.4457,0.4452,0.4447,0.4443,0.4440,-5.0000,-4.7959,-4.5918,-4.3878,-4.1837,-3.9796,-3.7755,-3.5714,-3.3673,-3.1633,-2.9592,-2.7551,-2.5510,-2.3469,-2.1429,-1.9388,-1.7347,-1.5306,-1.3265,-1.1224,-0.9184,-0.7143,-0.5102,-0.3061,-0.1020,0.1020,0.3061,0.5102,0.7143,0.9184,1.1224,1.3265,1.5306,1.7347,1.9388,2.1429,2.3469,2.5510,2.7551,2.9592,3.1633,3.3673,3.5714,3.7755,3.9796,4.1837,4.3878,4.5918,4.7959,5.0000,-3.9796,-3.9796,-3.9796,-3.9796,-3.9796,-3.9796,-3.9796,-3.9796,-3.9796,-3.9796,-3.9796,-3.9796,-3.9796,-3.9796,-3.9796,-3.9796,-3.9796,-3.9796,-3.9796,-3.9796,-3.9796,-3.9796,-3.9796,-3.9796,-3.9796,-3.9796,-3.9796,-3.9796,-3.9796,-3.9796,-3.9796,-3.9796,-3.9796,-3.9796,-3.9796,-3.9796,-3.9796,-3.9796,-3.9796,-3.9796,-3.9796,-3.9796,-3.9796,-3.9796,-3.9796,-3.9796,-3.9796,-3.9796,-3.9796,-3.9796
45,0.9719,0.9658,0.9585,0.9497,0.9393,0.9330,0.9257,0.9171,0.9072,0.8957,0.8826,0.8678,0.8514,0.8333,0.8137,0.7928,0.7707,0.7477,0.7241,0.7004,0.6767,0.6536,0.6312,0.6099,0.5900,0.5715,0.5547,0.5395,0.5260,0.5141,0.5038,0.4949,0.4872,0.4808,0.4753,0.4707,0.4669,0.4637,0.4611,0.4589,0.4571,0.4556,0.4544,0.4534,0.4526,0.4519,0.4514,0.4509,0.4506,0.4503,-5.0000,-4.7959,-4.5918,-4.3878,-4.1837,-3.9796,-3.7755,-3.5714,-3.3673,-3.1633,-2.9592,-2.7551,-2.5510,-2.3469,-2.1429,-1.9388,-1.7347,-1.5306,-1.3265,-1.1224,-0.9184,-0.7143,-0.5102,-0.3061,-0.1020,0.1020,0.3061,0.5102,0.7143,0.9184,1.1224,1.3265,1.5306,1.7347,1.9388,2.1429,2.3469,2.5510,2.7551,2.9592,3.1633,3.3673,3.5714,3.7755,3.9796,4.1837,4.3878,4.5918,4.7959,5.0000,-4.1837,-4.1837,-4.1837,-4.1837,-4.1837,-4.1837,-4.1837,-4.1837,-4.1837,-4.1837,-4.1837,-4.1837,-4.1837,-4.1837,-4.1837,-4.1837,-4.1837,-4.1837,-4.1837,-4.1837,-4.1837,-4.1837,-4.1837,-4.1837,-4.1837,-4.1837,-4.1837,-4.1837,-4.1837,-4.1837,-4.1837,-4.1837,-4.1837,-4.1837,-4.1837,-4.1837,-4.1837,-4.1837,-4.1837,-4.1837,-4.1837,-4.1837,-4.1837,-4.1837,-4.1837,-4.1837,-4.1837,-4.1837,-4.1837,-4.1837
46,0.9719,0.9658,0.9585,0.9497,0.9445,0.9383,0.9309,0.9224,0.9124,0.9009,0.8878,0.8731,0.8566,0.8386,0.8190,0.7980,0.7759,0.7529,0.7294,0.7056,0.6820,0.6588,0.6364,0.6152,0.5952,0.5767,0.5599,0.5447,0.5312,0.5194,0.5090,0.5001,0.4925,0.4860,0.4805,0.4759,0.4721,0.4689,0.4663,0.4641,0.4623,0.4608,0.4596,0.4586,0.4578,0.4571,0.4566,0.4561,0.4558,0.4555,-5.0000,-4.7959,-4.5918,-4.3878,-4.1837,-3.9796,-3.7755,-3.5714,-3.3673,-3.1633,-2.9592,-2.7551,-2.5510,-2.3469,-2.1429,-1.9388,-1.7347,-1.5306,-1.3265,-1.1224,-0.9184,-0.7143,-0.5102,-0.3061,-0.1020,0.1020,0.3061,0.5102,0.7143,0.9184,1.1224,1.3265,1.5306,1.7347,1.9388,2.1429,2.3469,2.5510,2.7551,2.9592,3.1633,3.3673,3.5714,3.7755,3.9796,4.1837,4.3878,4.5918,4.7959,5.0000,-4.3878,-4.3878,-4.3878,-4.3878,-4.3878,-4.3878,-4.3878,-4.3878,-4.3878,-4.3878,-4.3878,-4.3878,-4.3878,-4.3878,-4.3878,-4.3878,-4.3878,-4.3878,-4.3878,-4.3878,-4.3878,-4.3878,-4.3878,-4.3878,-4.3878,-4.3878,-4.3878,-4.3878,-4.3878,-4.3878,-4.3878,-4.3878,-4.3878,-4.3878,-4.3878,-4.3878,-4.3878,-4.3878,-4.3878,-4.3878,-4.3878,-4.3878,-4.3878,-4.3878,-4.3878,-4.3878,-4.3878,-4.3878,-4.3878,-4.3878
47,0.9719,0.9658,0.9585,0.9541,0.9489,0.9427,0.9353,0.9267,0.9168,0.9053,0.8922,0.8775,0.8610,0.8430,0.8234,0.8024,0.7803,0.7573,0.7337,0.7100,0.6863,0.6632,0.6408,0.6195,0.5996,0.5811,0.5643,0.5491,0.5356,0.5237,0.5134,0.5045,0.4969,0.4904,0.4849,0.4803,0.4765,0.4733,0.4707,0.4685,0.4667,0.4652,0.4640,0.4630,0.4622,0.4615,0.4610,0.4605,0.4602,0.4599,-5.0000,-4.7959,-4.5918,-4.3878,-4.1837,-3.9796,-3.7755,-3.5714,-3.3673,-3.1633,-2.9592,-2.7551,-2.5510,-2.3469,-2.1429,-1.9388,-1.7347,-1.5306,-1.3265,-1.1224,-0.9184,-0.7143,-0.5102,-0.3061,-0.1020,0.1020,0.3061,0.5102,0.7143,0.9184,1.1224,1.3265,1.5306,1.7347,1.9388,2.1429,2.3469,2.5510,2.7551,2.9592,3.1633,3.3673,3.5714,3.7755,3.9796,4.1837,4.3878,4.5918,4.7959,5.0000,-4.5918,-4.5918,-4.5918,-4.5918,-4.5918,-4.5918,-4.5918,-4.5918,-4.5918,-4.5918,-4.5918,-4.5918,-4.5918,-4.5918,-4.5918,-4.5918,-4.5918,-4.5918,-4.5918,-4.5918,-4.5918,-4.5918,-4.5918,-4.5918,-4.5918,-4.5918,-4.5918,-4.5918,-4.5918,-4.5918,-4.5918,-4.5918,-4.5918,-4.5918,-4.5918,-4.5918,-4.5918,-4.5918,-4.5918,-4.5918,-4.5918,-4.5918,-4.5918,-4.5918,-4.5918,-4.5918,-4.5918,-4.5918,-4.5918,-4.5918
48,0.9719,0.9658,0.9621,0.9578,0.9525,0.9463,0.9390,0.9304,0.9204,0.9089,0.8959,0.8811,0.8647,0.8466,0.8270,0.8060,0.7839,0.7609,0.7374,0.7136,0.6900,0.6668,0.6445,0.6232,0.6032,0.5848,0.5679,0.5528,0.5393,0.5274,0.5171,0.5081,0.5005,0.4940,0.4886,0.4840,0.4802,0.4770,0.4743,0.4722,0.4704,0.4689,0.4677,0.4667,0.4659,0.4652,0.4646,0.4642,0.4638,0.4635,-5.0000,-4.7959,-4.5918,-4.3878,-4.1837,-3.9796,-3.7755,-3.5714,-3.3673,-3.1633,-2.9592,-2.7551,-2.5510,-2.3469,-2.1429,-1.9388,-1.7347,-1.5306,-1.3265,-1.1224,-0.9184,-0.7143,-0.5102,-0.3061,-0.1020,0.1020,0.3061,0.5102,0.7143,0.9184,1.1224,1.3265,1.5306,1.7347,1.9388,2.1429,2.3469,2.5510,2.7551,2.9592,3.1633,3.3673,3.5714,3.7755,3.9796,4.1837,4.3878,4.5918,4.7959,5.0000,-4.7959,-4.7959,-4.7959,-4.7959,-4.7959,-4.7959,-4.7959,-4.7959,-4.7959,-4.7959,-4.7959,-4.7959,-4.7959,-4.7959,-4.7959,-4.7959,-4.7959,-4.7959,-4.7959,-4.7959,-4.7959,-4.7959,-4.7959,-4.7959,-4.7959,-4.7959,-4.7959,-4.7959,-4.7959,-4.7959,-4.7959,-4.7959,-4.7959,-4.7959,-4.7959,-4.7959,-4.7959,-4.7959,-4.7959,-4.7959,-4.7959,-4.7959,-4.7959,-4.7959,-4.7959,-4.7959,-4.7959,-4.7959,-4.7959,-4.7959
49,0.9719,0.9688,0.9652,0.9608,0.9556,0.9493,0.9420,0.9334,0.9235,0.9120,0.8989,0.8841,0.8677,0.8497,0.8301,0.8091,0.7870,0.7640,0.7404,0.7167,0.6930,0.6699,0.6475,0.6262,0.6063,0.5878,0.5710,0.5558,0.5423,0.5304,0.5201,0.5112,0.5035,0.4971,0.4916,0.4870,0.4832,0.4800,0.4774,0.4752,0.4734,0.4719,0.4707,0.4697,0.4689,0.4682,0.4677,0.4672,0.4669,0.4666,-5.0000,-4.7959,-4.5918,-4.3878,-4.1837,-3.9796,-3.7755,-3.5714,-3.3673,-3.1633,-2.9592,-2.7551,-2.5510,-2.3469,-2.1429,-1.9388,-1.7347,-1.5306,-1.3265,-1.1224,-0.9184,-0.7143,-0.5102,-0.3061,-0.1020,0.1020,0.3061,0.5102,0.7143,0.9184,1.1224,1.3265,1.5306,1.7347,1.9388,2.1429,2.3469,2.5510,2.7551,2.9592,3.1633,3.3673,3.5714,3.7755,3.9796,4.1837,4.3878,4.5918,4.7959,5.0000,-5.0000,-5.0000,-5.0000,-5.0000,-5.0000,-5.0000,-5.0000,-5.0000,-5.0000,-5.0000,-5.0000,-5.0000,-5.0000,-5.0000,-5.0000,-5.0000,-5.0000,-5.0000,-5.0000,-5.0000,-5.0000,-5.0000,-5.0000,-5.0000,-5.0000,-5.0000,-5.0000,-5.0000,-5.0000,-5.0000,-5.0000,-5.0000,-5.0000,-5.0000,-5.0000,-5.0000,-5.0000,-5.0000,-5.0000,-5.0000,-5.0000,-5.0000,-5.0000,-5.0000,-5.0000,-5.0000,-5.0000,-5.0000,-5.0000,-5.0000
